Country,1990,1991,1992,1993,1994,1995,1996,1997,1998,1999,2000,2001,2002,2003,2004,2005,2006,2007,2008,2009,2010,2011,2012,2013,2014,2015,2016,2017,2018,2019,2020,2021,2022,2023
Aruba,"9,248,106","9,648,759","10,092,587","9,435,483","9,907,492","10,628,336","6,905,613","1,070,418","10,745,369","10,753,041","7,548,099","7,323,041","8,076,431","9,209,549","8,758,288","9,697,923","10,557,837","1,105,956","10,776,185","13,242,337","13,323,403","7,756,377","10,125,124","10,463,697","11,364,287","11,989,268","12,369,834","11,119,317","1,084,411","13,292,496","14,183,818","12,293,073","111,749","11,189,469"
Afghanistan,"5,478,004","5,991,933","3,769,483","4,926,589","5,983,562","3,464,671","3,542,906","3,649,165","3,921,413","3,991,171","3,119,869","320,279","2,484,132","244,168","2,132,761","2,719,411","2,870,456","3,598,475","6,605,092","8,634,049","9,667,278","14,099,943","10,706,566","8,615,245","7,907,508","8,313,081","7,331,715","7,653,654","7,437,925","6,541,645","6,519,002","9,246,832","10,271,546","11,326,307"
Angola,"13,068,204","13,573,346","14,829,153","19,544,243","18,251,437","17,891,475","1,907,269","18,599,635","18,453,287","19,114,068","16,984,481","15,983,464","13,821,385","14,612,589","13,444,504","10,332,472","9,666,217","8,860,525","8,934,582","9,770,872","10,091,947","10,143,676","9,766,671","10,743,103","11,094,006","11,776,751","11,426,941","10,220,714","9,733,149","10,292,602","8,192,962","9,875,214","10,376,274","10,618,028"
Anguilla,"2,243,821","361,643","2,851,639","3,461,443","4,445,653","5,534,698","567,549","4,775,202","3,809,812","3,313,586","4,606,578","4,762,347","3,656,257","4,012,201","3,383,931","2,841,513","251,548","2,053,107","2,518,601","4,645,626","5,711,092","6,194,907","6,700,062","8,363,239","8,785,935","10,189,292","11,406,103","1,349,011","17,047,337","11,098,193","9,785,205","8,947,286","7,834,812","7,266,529"
Albania,"37,595,638","3,441,492","2,000,724","17,177,028","16,726,336","13,033,893","11,859,991","10,239,866","11,398,692","16,277,216","15,939,652","15,660,405","17,450,836","17,382,159","17,267,117","15,378,382","14,472,953","14,018,183","12,887,268","12,706,794","1,306,164","13,943,169","12,493,283","13,014,643","13,663,172","12,757,243","11,501,839","13,064,675","1,247,536","11,409,394","10,863,461","11,021,497","9,613,471","9,259,195"
Curaçao,"78,737,247","79,756,973","81,746,696","66,277,752","7,248,095","70,465,311","68,862,686","129,623,318","128,964,841","122,393,026","124,035,262","124,658,043","118,911,836","118,925,247","123,112,439","128,286,886","123,413,153","130,412,371","126,377,315","120,482,402","87,812,601","11,254,541","11,464,295","105,787,713","117,400,918","118,367,591","10,363,869","84,697,152","69,783,933","55,940,108","55,842,319","58,455,829","56,180,206","51,967,906"
United Arab Emirates,"27,734,334","31,284,876","29,243,377","30,445,791","3,135,704","31,349,228","30,966,477","29,829,066","30,510,114","30,566,526","27,358,883","3,088,641","30,825,362","2,978,287","28,731,225","29,173,815","27,588,079","28,827,401","33,457,495","35,541,938","36,381,207","35,309,923","36,194,584","36,296,697","35,377,913","34,588,601","33,654,392","32,155,448","29,065,435","30,373,801","31,610,101","31,195,005","297,252","2,862,052"
Argentina,"17,979,653","17,363,811","1,637,918","15,666,749","15,256,319","15,920,141","16,423,124","15,713,761","15,949,597","16,739,443","16,489,505","16,567,081","17,560,443","17,589,903","17,861,465","16,841,534","1,649,375","16,111,367","16,033,711","1,567,391","15,310,691","15,051,706","15,536,127","1,552,256","15,662,448","15,740,946","15,904,825","15,246,488","15,530,271","15,300,404","15,761,774","15,954,931","15,426,297","14,883,427"
Armenia,"95,314,938","112,193,674","97,970,569","50,061,395","26,075,976","30,758,643","21,283,485","26,510,057","25,699,734","22,239,398","24,148,937","22,426,931","16,910,982","1,660,082","16,271,493","169,592","14,924,516","15,218,397","15,601,209","14,475,677","13,525,412","14,736,067","15,892,088","14,904,642","15,088,301","14,255,961","13,613,585","13,404,332","13,329,331","13,372,903","15,509,055","1,592,114","13,725,475","1,338,197"
Antigua and Barbuda,"12,311,414","12,101,549","12,046,547","11,153,177","11,388,064","12,459,365","11,594,234","11,629,347","11,368,849","11,106,284","7,072,658","7,243,182","8,110,568","8,338,845","801,117","7,801,813","7,879,653","7,888,662","8,493,798","11,132,927","12,635,893","9,819,468","10,121,302","1,168,013","12,317,929","12,632,014","13,132,192","11,279,651","1,123,029","12,568,489","12,560,846","1,284,306","11,774,965","11,953,113"
Australia,"45,515,521","46,022,556","4,638,017","45,192,761","44,273,438","44,122,321","43,881,372","43,538,901","44,146,015","42,770,421","41,837,101","41,764,346","41,081,166","39,794,847","396,161","38,620,309","38,178,285","37,781,492","36,802,992","36,653,158","36,293,011","35,229,052","3,394,254","32,466,767","30,908,926","30,570,063","30,334,813","29,816,551","28,859,463","28,150,522","2,718,264","26,088,633","24,383,182","23,589,403"
Austria,"18,145,676","18,665,017","16,889,223","16,816,057","16,564,363","16,916,113","17,539,073","17,067,677","16,614,493","1,560,421","15,200,718","16,065,055","16,211,449","17,145,962","16,996,848","16,791,882","15,798,866","14,680,455","14,430,529","13,563,919","14,442,495","13,727,907","13,036,884","13,144,122","12,366,807","12,510,021","12,341,262","12,482,438","11,679,353","11,743,067","11,488,397","11,650,844","10,284,733","9,962,697"
Azerbaijan,"73,702,173","72,515,414","76,718,115","87,506,822","95,491,999","106,284,554","87,955,886","80,261,044","72,849,113","67,868,733","64,214,103","56,243,266","5,096,462","50,095,036","45,429,428","37,570,238","28,577,601","20,701,431","20,829,526","16,545,803","14,992,703","16,570,698","17,767,152","17,275,733","17,579,166","17,287,887","17,785,403","17,654,417","17,663,925","1,833,339","18,340,065","18,360,721","18,467,179","1,980,866"
Burundi,"2,569,104","3,454,104","2,693,049","3,196,626","344,248","3,680,064","4,298,997","4,368,667","4,402,668","4,580,182","4,610,468","3,592,192","3,249,487","2,725,355","3,096,202","2,583,047","3,095,582","4,789,596","2,719,402","2,635,786","3,614,798","4,531,707","4,185,401","4,510,725","3,849,139","4,255,071","4,778,152","5,289,104","6,998,551","7,572,682","8,383,986","8,180,133","7,599,417","7,441,254"
Belgium,"27,489,527","27,909,054","27,005,275","26,820,012","27,422,075","26,850,326","2,758,091","25,949,097","26,060,559","24,306,072","23,803,241","23,726,031","21,949,568","22,618,426","21,592,377","20,611,756","19,600,536","1,838,997","18,528,166","1,775,667","18,479,417","16,527,122","16,172,684","16,307,418","15,024,238","15,424,951","15,065,653","14,597,059","14,397,158","14,051,277","13,707,034","13,372,447","12,102,883","11,217,004"
Benin,"3,406,291","2,872,174","3,032,285","2,901,486","2,890,115","2,769,625","7,189,592","8,632,403","8,002,617","8,324,684","8,435,255","9,622,878","10,610,439","11,488,639","11,728,299","12,626,938","16,733,367","17,992,873","17,025,088","17,851,404","18,964,928","17,982,359","1,634,126","16,039,202","16,564,724","17,320,408","20,617,962","19,773,466","21,103,578","19,224,911","19,773,397","13,897,384","13,405,881","12,260,247"
Burkina Faso,"3,224,245","4,160,212","3,551,954","3,601,153","3,872,802","3,762,795","3,756,683","5,646,937","496,661","4,782,406","5,172,225","5,595,728","569,244","5,867,288","5,012,583","4,918,708","4,714,043","6,366,972","7,041,177","6,619,664","651,455","693,192","7,614,834","8,474,147","7,285,882","9,921,019","9,345,767","10,067,026","10,527,198","11,037,716","10,822,646","10,877,026","11,068,382","10,497,091"
Bangladesh,"6,390,449","5,883,389","6,239,583","6,420,858","656,255","7,553,084","7,328,187","760,761","7,390,825","7,537,235","7,389,893","8,507,349","8,622,892","8,626,513","863,437","8,633,252","8,716,185","8,651,692","9,063,396","9,266,714","9,675,871","9,766,949","9,810,213","9,545,868","9,571,627","10,013,757","10,283,908","10,371,709","10,091,007","9,583,423","8,782,469","9,352,748","9,286,324","8,829,933"
Bulgaria,"60,878,793","53,924,111","55,558,308","57,131,663","53,600,565","53,276,017","50,882,417","57,004,601","52,633,484","50,650,038","46,550,242","46,927,539","41,839,075","44,656,684","40,359,053","38,451,385","37,062,178","37,067,347","33,062,452","29,175,115","30,563,943","33,128,016","29,960,195","2,682,611","28,285,911","28,824,667","26,444,816","26,916,269","24,589,664","22,787,248","21,022,856","22,639,209","23,821,484","1,858,933"
Bahrain,"57,323,452","49,698,694","54,820,487","52,538,064","53,641,941","52,451,729","52,202,389","52,128,251","527,279","50,822,198","49,505,381","50,017,473","50,564,926","49,225,247","46,069,934","50,621,027","51,775,476","48,567,154","4,892,536","47,690,432","47,659,052","47,004,812","47,210,323","4,762,194","4,730,027","46,223,091","44,653,089","43,391,636","42,506","4,532,319","47,527,231","46,869,173","43,500,929","43,776,964"
Bahamas,"11,905,421","11,226,414","10,067,124","10,315,777","11,086,121","12,282,418","13,153,055","13,094,673","14,367,126","12,050,322","8,899,447","8,630,377","9,201,407","6,941,206","7,428,853","7,074,323","8,784,784","10,386,413","11,021,817","9,567,507","10,675,737","7,063,628","8,165,768","9,018,906","9,222,121","9,002,771","10,105,568","10,842,864","11,864,429","13,815,808","14,263,598","13,672,368","12,393,635","12,732,528"
Bosnia and Herzegovina,"225,712,601","222,825,784","175,739,766","150,782,092","32,867,166","30,185,342","24,503,693","35,561,637","38,632,302","34,767,115","43,243,932","41,675,619","41,739,709","41,162,634","40,865,405","41,325,126","43,495,155","43,363,172","45,142,564","46,557,779","4,734,638","53,335,693","49,611,815","48,269,732","42,746,323","41,043,723","44,864,067","44,351,977","42,846,105","39,106,025","40,210,029","38,164,191","362,144","34,494,685"
Belarus,"83,801,833","81,692,213","81,653,593","76,294,634","73,655,748","73,488,926","72,589,082","65,636,959","59,081,875","55,105,738","5,038,191","47,020,827","44,927,709","42,458,966","40,387,084","37,435,424","35,417,602","31,879,085","30,684,459","29,139,405","2,900,292","26,209,623","26,308,037","26,111,936","25,486,138","24,511,655","25,102,188","24,962,914","25,542,161","24,312,637","23,197,562","22,829,093","23,204,909","21,294,842"
Belize,"8,347,848","8,564,347","6,335,569","5,820,807","5,649,058","6,339,278","5,204,848","8,634,119","8,446,701","8,063,383","5,074,899","4,914,768","4,658,266","4,480,923","3,923,766","4,228,926","468,946","4,382,953","4,295,939","5,225,173","6,126,808","3,940,259","4,135,454","4,992,669","4,777,084","5,594,175","5,898,937","6,562,696","5,651,591","5,904,034","5,582,865","5,311,669","5,205,125","529,718"
Bermuda,"5,545,294","5,188,686","4,102,662","444,554","4,377,307","4,215,848","4,189,631","4,112,218","4,051,998","3,970,636","2,512,083","2,315,554","2,617,395","2,614,751","2,584,604","2,733,694","3,225,909","3,734,579","3,829,176","3,560,624","4,611,786","2,377,339","2,908,921","3,248,453","4,635,867","390,078","53,061","4,688,707","5,151,753","5,899,445","5,574,845","5,549,819","5,235,979","4,876,243"
Bolivia,"18,012,934","17,933,065","19,003,271","21,801,744","22,481,318","19,415,852","17,984,775","20,777,737","197,961","17,196,454","15,503,793","14,747,034","15,353,089","15,920,643","16,014,229","16,122,348","16,691,559","17,761,404","17,914,873","18,432,963","19,168,549","19,824,513","1,996,795","19,858,515","20,248,523","19,797,039","20,328,407","19,890,971","19,242,851","18,858,926","17,435,925","19,325,803","19,445,704","19,874,792"
Brazil,"1,204,215","12,359,086","12,607,957","12,551,781","12,305,629","12,774,389","13,419,868","13,784,167","14,137,915","14,386,918","14,336,086","14,217,084","13,799,649","13,451,785","13,408,568","13,132,858","12,784,842","12,679,321","12,667,967","11,846,762","12,569,599","12,741,509","13,424,349","13,700,054","14,229,069","13,980,703","13,472,323","13,629,076","12,747,668","12,523,234","12,374,897","13,358,561","12,273,449","11,941,259"
Barbados,"15,899,053","15,779,073","16,260,363","15,352,643","14,652,972","14,704,994","13,829,245","15,682,885","16,634,094","17,361,205","13,506,459","1,329,418","14,149,359","14,566,922","14,220,859","13,997,813","14,264,804","13,430,746","15,736,338","16,705,998","17,550,369","14,645,069","13,908,008","16,006,597","14,635,929","15,411,252","16,140,064","14,164,658","15,457,089","17,379,383","15,996,996","18,253,068","1,614,074","16,182,461"
Brunei,"17,677,168","19,567,349","20,397,459","20,523,228","20,202,531","20,462,192","2,089,472","22,573,569","20,053,389","20,358,091","20,012,985","18,795,257","17,157,107","19,357,151","18,711,326","17,866,204","2,453,686","23,273,196","25,831,386","23,677,378","21,232,032","21,801,466","20,947,987","2,187,112","23,348,592","21,296,703","23,421,458","23,032,933","23,485,119","21,408,488","27,573,081","27,573,328","27,173,417","27,555,227"
Bhutan,"9,084,086","9,484,341","8,979,837","942,304","11,630,204","13,523,402","14,296,366","14,340,828","14,176,973","13,287,848","13,002,559","12,932,065","12,687,401","1,199,621","11,430,919","11,521,918","1,145,415","10,123,074","9,760,887","12,686,677","12,884,485","14,608,301","13,244,337","13,667,499","13,195,461","14,393,929","14,444,551","15,185,638","17,051,636","17,643,129","17,378,603","17,920,413","17,546,149","17,289,536"
Botswana,"20,547,492","18,912,682","22,361,396","21,639,954","20,021,239","19,457,869","16,572,772","16,332,934","19,353,613","18,596,125","18,533,737","17,838,443","17,751,124","16,804,072","16,037,132","16,614,631","14,486,584","14,598,758","1,441,543","15,352,037","11,409,227","12,674,647","11,135,906","15,729,994","19,268,539","20,111,832","17,868,191","18,922,516","20,022,739","1,737,626","15,798,189","15,293,121","16,006,037","15,884,429"
Central African Republic,"3,736,056","4,948,558","4,272,148","463,368","4,632,586","4,439,537","5,032,943","4,782,553","4,654,474","4,623,994","5,412,119","5,442,823","5,370,678","5,362,429","494,184","4,834,446","4,933,271","4,669,397","3,441,695","3,086,121","3,021,031","3,167,664","3,078,835","3,255,186","3,499,283","4,789,704","4,921,981","490,102","4,902,457","5,148,006","5,306,156","5,345,943","608,483","6,298,453"
Canada,"39,903,412","40,204,762","41,020,165","39,899,707","39,656,403","39,624,728","40,106,357","39,698,569","38,830,367","37,621,273","37,125,936","3,585,641","36,097,212","36,714,473","34,746,906","34,951,204","33,610,194","34,111,053","32,668,528","31,730,936","31,904,373","31,720,931","30,706,963","30,430,885","29,850,214","29,486,131","29,119,413","29,104,798","29,312,439","2,846,312","26,983,346","26,329,282","25,978,969","25,691,135"
Switzerland and Liechtenstein,"10,330,749","10,964,926","10,960,063","10,434,672","10,089,114","10,220,895","10,298,284","9,783,502","9,811,273","970,703","9,172,117","9,316,781","8,995,715","9,258,874","9,121,725","8,998,536","8,566,776","7,893,627","7,913,683","7,859,691","7,899,378","7,082,818","7,217,133","7,253,922","6,498,505","6,287,595","6,245,397","6,012,974","5,654,034","5,572,457","5,324,617","5,290,475","4,723,456","4,663,762"
Chile,"22,342,781","19,833,954","18,449,132","18,378,454","19,118,751","19,230,728","20,635,514","21,809,129","21,128,003","22,164,518","19,812,867","18,424,421","18,037,497","17,859,965","18,095,787","17,285,545","16,634,868","17,754,626","18,008,368","17,420,658","17,446,097","17,957,411","17,402,412","17,686,234","1,601,033","16,798,974","17,387,041","17,325,098","16,672,898","17,569,851","17,198,768","15,729,766","15,372,795","145,026"
China,"129,241,573","12,494,431","114,514,008","108,855,248","101,523,598","101,076,185","91,255,192","85,966,304","81,677,253","74,266,028","72,803,637","70,461,846","69,698,945","73,112,006","76,512,224","77,942,277","76,731,104","73,003,566","68,586,881","67,256,507","66,500,737","66,354,664","63,448,265","6,170,154","58,100,556","53,582,494","50,278,916","48,022,602","4,716,792","45,588,966","45,237,331","43,792,133","42,201,806","42,462,537"
Côte d’Ivoire,"4,639,259","4,782,049","4,773,806","5,074,861","5,261,283","5,373,311","6,239,397","6,927,351","6,438,668","8,498,585","813,595","8,338,653","906,405","7,487,901","7,483,076","790,335","7,546,464","7,412,223","7,849,502","7,021,044","7,497,169","7,666,531","9,077,881","8,905,486","8,689,102","8,730,499","8,246,304","8,301,017","7,925,962","7,936,663","7,815,962","8,099,982","775,714","7,108,189"
Cameroon,"9,290,397","920,427","9,129,507","10,835,885","11,503,966","11,199,945","1,101,842","10,611,464","10,547,685","9,718,033","10,047,465","9,586,996","904,341","8,753,478","8,035,685","7,629,619","749,051","8,674,175","8,850,232","9,415,469","9,284,167","8,522,661","8,235,296","8,540,884","8,761,096","8,585,366","8,675,561","851,006","8,739,122","8,224,229","8,317,532","7,933,106","810,426","7,742,047"
Democratic Republic of the Congo,"4,228,574","2,596,273","2,493,022","2,777,968","457,184","4,233,384","472,876","5,024,054","508,461","4,907,938","4,189,527","4,159,959","4,239,481","4,864,439","435,279","4,597,596","4,486,304","4,664,023","4,505,141","42,556","4,164,281","4,456,746","3,726,072","4,777,115","5,604,634","3,397,582","2,556,664","2,867,378","2,686,657","2,782,732","2,819,819","2,695,169","2,743,399","2,467,035"
Congo,"11,513,752","11,472,977","10,904,264","10,868,532","10,528,568","1,289,282","14,881,062","15,420,904","17,686,214","18,797,143","18,910,387","17,761,206","11,039,069","13,658,154","13,396,382","14,873,508","15,322,645","14,524,538","14,199,536","14,108,699","13,813,479","12,390,616","10,405,121","12,725,389","11,576,815","12,563,974","13,376,094","14,018,774","16,569,897","18,478,123","20,169,613","19,019,174","20,613,909","18,999,754"
Cook Islands,,,,,,,,,,,,,,,,,,,,,,,,,,,,,,,,,,
Colombia,"16,144,563","16,358,559","16,311,163","16,360,551","15,338,481","15,258,074","14,724,639","15,447,009","15,613,361","14,219,366","1,453,839","1,421,354","13,322,648","12,712,338","12,073,863","11,860,702","1,058,899","10,293,912","9,957,022","10,410,437","10,277,099","10,342,898","9,992,314","10,822,722","10,515,773","10,381,861","10,453,316","939,119","9,604,143","9,387,577","9,889,183","9,706,896","9,439,668","10,312,904"
Comoros,"2,935,857","3,742,494","2,935,365","2,783,169","2,929,665","2,902,935","3,051,182","293,716","3,662,779","370,084","5,570,229","5,777,969","5,841,814","7,418,563","7,883,866","7,430,887","8,701,718","5,649,905","5,444,952","6,553,128","7,435,078","6,476,703","651,372","7,478,924","6,417,864","6,951,861","7,864,136","9,742,833","10,264,957","11,528,073","12,129,582","12,085,132","11,004,735","10,730,763"
Cabo Verde,"7,739,231","9,559,347","8,562,549","7,684,135","7,550,987","6,613,136","7,105,732","639,844","5,794,878","5,365,331","13,820,274","15,443,293","16,328,327","15,719,148","15,416,424","22,516,903","22,884,407","22,261,649","20,275,022","20,058,301","20,899,465","23,483,468","20,029,842","19,450,076","20,228,616","20,240,138","20,359,252","20,586,899","19,979,711","19,811,955","26,303,871","25,001,964","2,224,014","20,523,857"
Costa Rica,"842,307","8,907,309","10,975,893","10,301,225","11,564,877","11,021,772","10,384,637","9,708,884","10,018,988","9,596,009","9,164,089","9,547,902","9,422,684","9,709,542","9,468,525","9,380,342","9,495,518","9,788,797","9,267,487","897,151","8,420,698","8,578,109","8,113,923","8,227,533","8,056,844","749,709","7,632,992","7,459,267","7,323,589","6,941,835","6,344,775","6,564,442","6,334,687","6,386,656"
Cuba,"20,834,049","18,176,602","16,319,056","17,533,606","17,909,478","18,599,961","18,681,211","19,891,989","19,496,408","18,874,011","18,040,094","16,776,216","1,579,284","14,776,192","1,370,947","12,780,378","11,651,226","11,220,447","10,408,622","10,342,029","10,567,169","1,011,869","10,235,401","10,016,798","9,173,761","9,614,583","8,884,081","8,446,257","8,371,151","7,676,096","7,575,232","689,434","6,576,639","6,824,824"
Cayman Islands,"4,632,222","4,736,054","5,168,477","4,207,287","5,407,008","5,389,981","5,357,819","4,857,142","4,485,053","4,655,833","3,888,925","3,980,099","4,631,297","4,246,345","4,237,321","3,653,982","3,685,956","4,465,627","4,863,823","5,351,549","5,977,239","4,768,064","4,506,543","5,048,987","5,269,348","5,539,594","5,630,728","5,826,936","5,374,418","7,223,732","6,167,319","6,503,635","6,210,774","5,784,546"
Cyprus,"28,382,558","3,134,478","30,471,833","31,674,363","31,179,981","28,148,773","2,952,301","29,179,764","28,822,328","28,534,189","27,929,061","2,636,013","26,057,819","27,757,265","26,243,836","25,404,904","24,584,577","2,426,138","23,929,971","23,826,738","22,245,928","21,431,997","20,646,348","19,987,609","21,539,183","20,946,015","20,702,438","19,962,725","18,512,695","17,548,047","17,130,983","15,821,698","15,673,169","15,291,552"
Czechia,"57,142,209","58,658,661","56,688,456","54,876,326","51,233,718","47,830,369","4,718,065","46,257,671","44,328,722","40,904,278","43,470,403","42,157,612","39,991,575","39,597,377","38,028,534","34,999,622","33,224,088","31,842,749","29,553,315","29,422,116","29,030,277","27,849,903","27,098,299","26,041,464","24,932,245","23,889,546","23,626,207","22,581,004","21,671,208","198,728","19,215,873","19,491,643","19,098,559","17,439,615"
Germany,"2,995,705","27,910,417","25,895,029","2,591,481","24,927,118","2,441,981","24,992,581","23,719,731","23,229,174","21,895,763","21,293,489","21,279,668","2,094,863","21,289,392","20,693,496","20,028,832","19,607,697","18,398,815","18,297,984","17,958,629","18,288,356","17,018,552","1,720,375","17,509,982","16,313,795","16,201,136","15,935,035","1,522,892","14,541,227","13,419,863","12,863,647","13,153,231","12,571,009","11,145,824"
Djibouti,"39,130,144","51,853,375","34,676,439","2,783,458","38,885,949","33,252,919","39,601,515","37,337,933","38,263,446","37,227,035","22,805,317","23,578,236","24,710,448","23,998,956","22,459,438","2,035,866","17,006,019","16,630,579","1,610,647","19,505,509","24,002,463","16,657,136","19,943,825","20,242,042","18,897,289","16,062,717","13,681,014","11,655,671","12,037,647","1,123,393","11,516,742","11,888,218","1,081,986","10,152,429"
Dominica,"2,943,292","2,916,578","2,877,248","5,065,854","668,439","746,432","7,938,447","7,562,418","4,178,582","7,148,205","6,255,048","6,301,897","5,892,827","6,296,525","6,518,208","6,372,109","6,463,915","7,267,434","6,498,856","6,707,746","6,866,651","5,299,697","4,886,667","5,445,762","5,806,688","6,457,873","6,743,353","642,747","6,721,814","7,149,904","6,974,132","720,462","6,850,931","6,892,229"
Denmark,"21,987,757","26,094,115","23,282,819","24,222,319","24,528,953","22,648,049","26,887,274","22,602,406","20,738,968","19,149,863","17,128,635","17,499,646","17,266,069","18,919,268","16,709,933","15,282,186","17,014,643","15,498,468","14,638,736","14,727,954","14,491,349","12,807,318","11,339,894","11,743,636","10,371,929","9,538,081","9,680,915","885,252","8,701,053","7,693,594","7,256,782","7,182,659","6,693,353","6,249,737"
Dominican Republic,"15,449,901","16,026,625","1,672,076","15,380,172","17,517,366","1,762,204","17,887,506","18,690,804","20,027,691","2,049,501","20,449,823","20,097,798","21,116,137","19,140,552","17,300,047","17,047,969","17,102,159","16,055,559","15,531,004","14,731,887","14,342,498","14,039,441","14,158,217","13,252,544","12,504,854","12,867,005","12,567,363","11,482,722","11,564,575","1,225,604","12,390,822","12,171,231","11,598,699","11,983,546"
Algeria,"24,240,898","25,566,407","2,831,725","28,307,649","27,938,086","27,798,936","25,967,892","25,091,262","24,418,843","24,682,543","24,614,093","23,322,157","23,123,506","23,362,909","22,384,497","22,287,262","22,535,806","22,564,914","22,982,822","23,186,284","22,606,346","23,091,487","25,344,771","25,661,183","26,225,199","27,027,008","25,401,611","25,890,703","26,803,256","27,599,429","27,491,667","27,694,598","277,588","25,767,332"
Ecuador,"18,430,753","17,709,905","18,269,852","17,479,261","17,574,072","18,865,096","21,365,854","21,342,844","20,278,185","18,845,804","18,939,912","20,044,157","19,092,588","1,897,027","18,750,453","19,153,901","19,654,084","1,967,473","19,080,876","20,534,465","21,275,962","19,808,344","18,812,485","18,669,763","18,886,576","18,740,106","18,293,346","16,753,814","17,251,022","16,995,455","16,381,102","16,661,246","166,231","17,419,607"
Egypt,"19,569,899","1,981,166","19,726,903","19,237,303","17,639,306","18,032,748","18,414,639","18,575,147","18,575,613","18,868,853","17,534,208","18,694,912","18,744,532","18,526,957","19,311,015","20,555,083","20,369,593","20,338,704","18,986,378","18,885,664","18,081,646","18,404,701","19,121,007","18,374,477","18,193,731","17,902,722","1,792,417","18,028,878","16,757,067","1,466,839","13,515,637","14,447,319","13,414,575","1,304,216"
Eritrea,"9,267,184","11,473,234","1,635,545","20,180,592","18,817,624","19,893,124","20,045,161","17,400,579","12,704,305","13,468,766","15,163,175","15,298,339","14,656,519","14,531,117","14,672,031","1,204,518","10,938,819","10,521,922","11,410,982","10,562,329","10,239,176","9,718,937","9,811,346","10,254,038","7,858,038","9,600,884","9,243,897","10,082,215","9,968,527","9,870,651","9,897,696","10,198,304","9,312,462","906,507"
Western Sahara,,,,,,,,,,,,,,,,,,,,,,,,,,,,,,,,,,
Spain and Andorra,"19,022,807","19,166,853","19,642,981","18,674,356","19,089,641","1,952,757","18,354,474","19,104,836","18,849,842","19,481,189","19,515,588","18,817,583","19,333,189","19,249,724","19,530,057","19,636,307","18,408,928","1,841,549","16,714,415","15,377,682","14,719,272","14,937,892","15,090,677","13,878,258","13,551,584","13,913,699","13,083,901","13,428,704","12,822,795","11,777,978","11,253,211","1,148,703","10,763,607","96,887"
Estonia,"130,458,165","129,438,794","119,060,919","103,220,032","107,921,703","94,042,151","93,973,425","81,405,955","7,068,727","65,367,726","60,200,646","58,041,964","52,033,371","54,137,805","51,679,398","47,124,099","41,465,788","45,845,971","43,711,182","42,748,688","535,105","50,154,804","46,008,311","5,062,946","47,018,096","42,098,758","40,788,078","40,953,499","4,157,267","26,286,458","20,719,039","20,713,091","21,280,023","19,932,025"
Ethiopia,"525,164","5,601,556","4,803,241","5,404,551","6,055,878","6,460,738","6,479,977","6,571,034","7,232,399","6,788,349","7,096,047","8,092,157","8,194,311","8,951,838","8,587,223","7,332,838","700,475","688,754","6,719,767","6,215,462","5,498,972","5,724,798","594,943","6,251,432","6,735,366","664,481","7,205,517","6,509,746","6,707,426","6,673,219","5,639,657","5,464,922","4,967,167","4,711,642"
Finland,"287,953","30,969,273","30,439,301","31,364,065","33,833,528","30,717,356","32,750,428","29,759,093","26,779,139","2,537,778","23,434,767","25,239,175","25,654,872","28,353,445","25,925,219","20,852,833","24,041,112","22,247,638","19,401,942","20,136,558","22,512,362","19,410,632","17,691,724","18,196,356","16,930,832","15,658,559","1,616,879","1,479,195","15,057,551","13,842,328","12,674,511","12,315,809","11,141,845","10,048,667"
Fiji,"16,150,979","14,577,466","1,542,049","1,635,313","16,275,038","15,742,671","1,574,715","1,662,972","16,274,944","16,029,991","18,426,628","19,567,651","15,671,774","18,049,541","22,296,633","19,364,474","20,439,451","19,099,684","14,162,533","11,822,259","18,320,683","13,093,622","12,492,831","13,592,176","14,620,465","14,505,874","13,943,715","1,454,889","14,777,584","15,452,679","18,787,938","20,705,257","18,191,823","17,406,531"
Falkland Islands,,,,,,,,,,,,,,,,,,,,,,,,,,,,,,,,,,
France and Monaco,"16,372,675","17,256,925","16,430,305","15,715,886","15,179,654","1,522,715","15,592,246","14,918,762","15,217,435","14,487,928","1,383,907","13,709,647","13,374,028","13,428,428","13,093,567","12,950,687","12,308,451","11,800,796","11,551,542","11,501,136","11,506,121","10,858,479","10,878,806","10,664,434","960,057","963,633","9,611,864","949,668","9,028,414","8,706,475","8,382,887","8,755,976","830,628","7,503,523"
Faroes,,,,,,,,,,,,,,,,,,,,,,,,,,,,,,,,,,
Gabon,"25,260,076","19,032,516","19,790,576","19,463,392","18,630,546","19,945,403","21,494,437","19,416,923","21,476,263","2,244,858","22,926,485","22,913,076","22,054,254","24,469,695","21,928,382","20,603,446","18,927,552","16,191,659","17,857,517","17,607,208","17,977,648","16,397,461","15,767,064","15,400,709","15,223,958","15,062,494","1,489,117","12,829,803","11,888,746","11,834,527","11,769,565","1,122,377","11,446,144","10,221,599"
United Kingdom,"28,613,054","29,385,923","28,610,456","27,140,462","25,786,263","248,529","25,079,679","23,023,175","22,287,987","21,491,113","20,903,041","20,792,316","19,845,593","19,715,861","19,266,336","18,698,918","18,277,103","17,507,243","17,021,276","16,160,235","1,637,103","1,484,037","15,325,362","14,710,782","13,052,286","12,334,549","11,446,922","10,809,014","10,433,914","9,828,399","9,788,553","9,585,445","886,064","816,601"
Georgia,"55,601,369","54,372,551","77,582,477","87,838,227","63,922,893","48,610,535","3,538,797","28,078,786","24,700,612","21,396,524","22,402,932","15,906,972","13,967,589","13,846,592","14,260,494","15,032,373","15,676,691","16,166,914","13,594,537","16,071,836","14,712,672","16,426,142","16,812,006","17,682,208","18,271,368","1,913,153","19,150,262","18,450,841","17,342,566","1,761,775","18,211,162","17,315,863","16,231,014","15,376,723"
Ghana,"7,301,086","642,949","7,307,362","7,190,036","7,408,909","7,646,862","7,933,362","8,009,405","1,038,859","10,859,738","9,314,273","9,673,097","10,915,911","974,402","8,620,691","8,603,775","9,811,657","9,931,161","8,639,433","9,465,708","9,821,327","9,288,064","10,255,598","10,159,213","9,518,277","981,203","973,534","9,431,892","10,016,414","9,929,859","10,831,533","11,639,527","11,112,551","10,522,525"
Gibraltar,"21,859,315","31,285,391","37,069,062","36,777,644","41,651,514","39,511,587","39,267,359","38,132,217","3,867,576","3,880,489","38,926,619","38,676,424","38,360,331","37,701,596","39,781,127","40,217,452","41,022,763","39,350,497","40,645,341","46,505,011","45,893,235","44,095,808","44,610,427","45,936,818","48,365,062","51,852,738","49,333,794","47,815,378","47,878,996","47,915,467","46,014,021","46,726,244","48,771,517","49,755,332"
Guinea,"6,979,689","6,602,283","5,731,383","5,623,739","5,495,384","5,350,666","5,306,957","5,102,592","5,097,421","5,079,779","7,401,119","7,601,861","7,794,789","8,135,187","8,148,241","7,584,894","8,011,389","774,449","7,954,394","8,522,482","9,347,928","9,394,689","843,143","7,324,484","731,548","8,426,195","8,559,364","7,783,792","7,395,814","7,432,771","7,402,653","7,267,025","7,197,556","6,557,854"
Guadeloupe,,,,,,,,,,,,,,,,,,,,,,,,,,,,,,,,,,
The Gambia,"4,368,896","5,282,686","4,346,362","4,423,104","5,068,095","4,793,625","4,865,556","4,640,705","4,865,922","4,709,962","6,932,607","7,234,748","7,769,593","7,387,336","7,195,316","7,488,233","8,422,419","8,512,142","8,145,244","8,468,737","8,136,354","9,355,407","8,559,055","8,348,802","9,086,641","9,082,827","8,982,527","8,634,254","8,127,832","8,276,828","8,638,483","8,350,202","8,313,587","7,663,765"
Guinea-Bissau,"9,656,136","11,510,597","10,198,409","10,737,467","10,369,023","10,203,348","9,046,118","89,096","11,706,931","10,320,064","9,118,752","9,021,688","9,194,539","10,896,384","11,068,672","1,061,919","10,954,735","11,221,268","10,252,214","10,591,273","10,200,276","9,617,833","9,889,202","9,845,354","9,996,497","9,893,819","9,805,556","7,489,804","7,262,199","7,366,389","7,603,504","7,270,599","7,287,106","6,785,534"
Equatorial Guinea,"13,348,964","14,058,076","10,436,978","9,784,407","131,704,555","119,093,886","78,190,358","43,018,601","42,258,318","36,750,142","33,164,418","26,629,696","19,886,821","19,506,838","24,722,844","21,566,654","1,999,459","19,381,096","15,231,502","12,461,537","1,427,721","139,611","12,112,625","1,292,442","12,858,738","13,378,105","14,623,797","14,057,755","14,365,726","14,784,894","15,235,368","14,730,921","13,561,124","13,051,064"
Greece,"28,257,763","27,417,381","27,970,271","28,257,101","28,267,713","28,725,484","2,792,237","27,025,184","27,066,109","26,333,396","27,381,431","26,857,525","2,583,435","25,355,035","24,072,999","2,441,223","22,828,329","22,886,241","22,060,293","21,780,314","2,133,683","22,959,014","23,393,543","21,737,154","20,796,103","20,380,146","20,099,054","19,946,929","191,041","17,353,859","16,265,198","15,530,673","14,912,245","13,751,122"
Grenada,"5,714,128","566,041","5,901,474","6,779,865","7,787,624","6,850,419","7,002,684","9,097,516","7,100,436","6,729,008","4,585,265","4,755,891","4,993,744","5,016,102","4,808,559","456,029","5,418,269","5,676,173","614,644","7,077,745","7,962,698","6,113,646","6,394,729","8,056,286","6,736,686","6,735,204","7,072,532","6,794,805","6,658,847","759,424","7,146,178","755,064","7,064,715","710,674"
Greenland,"54,626","55,705","59,656","63,702","61,016","59,727","59,755","59,596","56,131","56,263","53,715","54,084","5,552","5,415","21,951,906","21,126,968","20,520,444","19,749,064","19,168,797","16,477,552","18,862,354","20,156,089","15,682,839","15,923,919","13,591,185","15,000,432","14,317,978","13,992,394","14,047,799","13,781,639","1,385,186","14,216,668","14,926,729","15,094,072"
Guatemala,"573,517","5,848,172","6,539,333","6,986,349","725,851","8,071,235","7,699,227","7,715,023","9,166,034","8,789,434","9,480,705","9,732,562","9,850,151","9,562,451","9,450,172","9,926,517","953,721","9,560,029","8,430,315","8,845,911","83,016","8,219,789","8,268,529","8,578,229","881,876","9,895,306","10,241,963","9,447,239","9,989,482","10,077,036","9,198,723","9,772,799","926,301","9,565,889"
French Guiana,,,,,,,,,,,,,,,,,,,,,,,,,,,,,,,,,,
Guyana,"30,829,326","28,381,711","24,879,484","2,313,312","27,698,665","28,562,221","27,311,134","28,032,595","28,931,474","27,910,616","27,066,479","26,200,877","25,563,394","25,661,356","26,106,057","23,601,248","20,197,533","22,689,164","22,276,783","21,814,756","22,647,249","22,411,387","23,253,335","22,151,203","22,750,335","22,698,612","25,898,412","25,084,523","25,106,973","25,794,872","21,430,369","17,535,286","10,901,028","8,150,657"
Hong Kong,"19,441,726","20,204,748","2,148,706","2,068,416","16,731,873","1,655,335","1,483,676","13,457,388","17,690,461","18,460,638","15,776,479","15,671,983","15,083,042","15,910,225","1,339,866","13,166,908","121,378","11,937,833","11,346,897","12,176,463","10,667,551","10,889,608","10,580,694","10,616,121","10,636,847","9,665,923","9,638,425","9,091,345","882,453","8,862,411","7,662,614","7,181,472","6,935,483","7,140,807"
Honduras,"10,682,398","11,135,429","11,798,432","1,161,279","13,242,494","14,725,453","15,328,283","15,052,702","1,684,387","17,198,325","16,582,855","19,019,561","19,359,738","20,497,519","21,948,479","18,752,646","2,020,492","20,239,693","19,414,123","18,762,752","17,670,311","20,233,094","2,032,736","19,327,865","19,197,529","19,604,275","1,858,382","15,967,204","14,813,203","16,312,847","15,544,371","15,482,641","15,537,816","15,897,036"
Croatia,"22,309,604","20,597,741","21,039,936","23,313,436","21,093,699","20,445,683","20,099,548","20,091,978","20,408,785","21,550,859","20,361,605","20,933,243","20,567,562","2,074,391","1,989,488","19,175,924","18,397,861","1,862,616","17,375,183","17,402,426","17,023,005","16,637,193","15,640,685","15,349,538","14,811,908","14,727,479","14,406,522","14,336,338","13,157,382","12,862,207","13,498,471","12,269,477","11,284,262","10,957,921"
Haiti,"4,219,578","4,042,133","3,971,963","3,555,299","1,905,359","4,716,952","5,147,991","5,854,756","5,870,741","5,978,152","6,267,099","6,411,102","716,478","6,873,641","6,438,141","63,799","6,345,464","7,148,495","6,897,222","6,393,132","8,293,142","8,940,946","8,334,681","8,624,362","9,088,856","9,701,163","9,757,538","9,541,031","9,308,629","9,570,855","9,535,174","956,233","96,753","10,278,808"
Hungary,"32,503,214","34,904,087","32,474,237","33,187,521","32,106,515","31,588,789","32,184,584","30,580,423","29,386,022","28,696,473","26,086,123","25,707,167","24,129,777","24,228,205","22,387,632","21,605,642","20,602,846","20,026,277","19,388,754","1,855,565","18,587,433","17,930,373","16,821,489","15,533,241","14,913,919","15,251,145","1,515,231","15,403,555","14,546,716","13,835,902","13,980,395","13,391,363","12,128,689","11,268,863"
Indonesia,"18,068,694","18,269,961","17,930,459","18,431,927","18,245,218","18,948,155","18,523,527","19,343,009","22,485,677","23,673,322","22,855,032","23,562,396","22,927,511","2,381,225","23,090,066","21,994,598","22,045,164","21,727,202","20,259,868","20,050,692","20,359,396","21,607,841","20,554,402","18,341,155","18,576,314","17,966,897","16,927,989","17,021,168","180,495","18,332,678","17,454,944","17,541,589","17,661,855","17,270,565"
India,"31,521,205","33,564,682","32,965,965","32,885,028","32,775,135","32,622,033","31,743,025","32,125,098","31,044,064","30,453,088","30,364,199","29,436,767","29,425,182","28,109,851","28,093,532","27,140,149","26,805,688","27,112,546","27,970,183","28,336,516","27,716,711","27,946,991","28,970,629","2,804,535","2,811,127","26,230,525","24,693,479","24,431,464","24,264,211","23,077,653","22,343,307","22,385,813","22,503,006","22,552,596"
Ireland,"31,642,621","31,557,304","30,436,495","29,850,467","29,267,722","27,139,483","26,232,909","24,453,532","23,939,164","22,437,516","21,805,755","2,175,735","20,069,405","19,254,312","18,245,137","18,056,006","17,422,574","16,288,288","16,811,735","15,756,725","15,403,368","13,804,032","13,990,493","13,362,665","1,221,416","10,221,056","1,054,455","9,345,951","8,363,741","7,568,872","6,714,786","6,159,907","5,525,821","5,338,464"
Iran,"39,471,163","38,671,069","39,762,542","40,155,981","46,598,651","46,460,215","45,350,869","46,743,187","45,754,863","49,064,468","48,850,562","49,626,753","47,932,761","46,562,945","47,860,179","5,000,812","5,139,044","50,563,714","51,979,123","53,134,798","50,532,715","50,017,441","52,546,183","55,173,807","54,604,053","54,780,628","51,368,569","51,863,913","52,439,226","57,007,106","56,403,849","55,844,221","55,412,697","5,406,488"
Iraq,"36,794,149","80,243,675","8,421,906","85,452,028","90,316,697","8,775,419","72,931,784","72,380,319","41,772,393","28,002,035","2,862,578","31,880,981","32,795,869","45,150,062","32,076,283","30,471,034","28,058,153","25,450,922","27,186,453","28,089,955","30,391,231","29,377,217","29,596,403","29,847,765","28,526,184","27,164,117","2,636,546","29,212,571","30,660,409","31,530,569","31,549,185","31,882,844","32,269,372","33,669,943"
Iceland,"22,799,584","22,380,942","2,330,852","24,012,359","24,269,712","23,469,673","24,908,668","22,818,988","21,929,097","21,332,532","21,146,872","21,078,177","22,173,835","21,508,093","20,437,402","18,964,768","1,848,947","18,274,949","19,447,004","21,325,949","21,425,731","2,029,089","20,307,286","19,771,848","18,150,964","18,209,183","15,004,343","15,084,397","1,430,906","13,457,419","13,797,325","13,978,586","12,931,218","11,799,664"
"Israel and Palestine, State of","30,872,241","29,481,711","29,615,284","29,158,824","28,109,064","27,968,559","28,158,032","27,851,236","26,874,817","26,624,454","26,733,251","26,781,847","28,478,678","28,706,195","27,082,572","25,036,964","2,502,827","24,500,626","23,797,148","23,209,836","2,357,137","22,020,101","23,351,066","19,680,151","18,341,628","18,438,877","17,483,484","16,866,043","1,519,807","15,051,026","14,509,634","13,276,278","1,280,583","12,289,139"
"Italy, San Marino and the Holy See","17,526,364","17,217,312","16,999,167","16,871,585","16,296,796","16,769,729","16,368,235","16,191,304","16,241,142","16,226,666","15,807,622","15,482,704","1,569,153","16,341,401","16,496,564","1,639,049","15,920,418","15,454,554","15,107,202","14,196,057","14,288,953","13,883,995","13,619,464","12,723,732","12,065,592","12,344,269","12,029,116","11,712,949","11,426,809","11,100,595","10,851,902","11,319,675","10,844,722","9,864,994"
Jamaica,"36,849,811","3,474,084","37,178,315","34,590,439","34,455,237","34,811,804","36,354,394","37,634,873","40,582,356","41,228,926","41,142,555","40,851,874","39,850,319","39,590,104","3,924,588","39,031,882","43,895,176","43,000,803","34,950,189","29,764,308","28,869,912","28,038,975","26,014,928","27,622,878","2,646,336","25,807,932","27,323,549","25,938,567","30,295,593","29,252,804","22,670,638","23,693,356","22,272,347","23,489,147"
Jordan,"36,636,303","36,117,523","37,471,153","37,258,088","37,092,733","3,710,743","37,197,071","37,260,933","36,704,269","35,566,522","37,795,818","35,995,907","35,468,534","34,926,612","3,467,086","34,243,656","32,036,043","30,765,813","27,550,857","26,962,243","25,757,184","25,590,044","29,167,848","27,925,075","28,961,429","28,027,732","27,052,825","27,775,933","25,925,768","23,880,927","21,949,436","21,954,058","21,459,373","22,076,373"
Japan,"26,644,183","2,595,875","25,836,815","25,799,299","26,678,959","26,221,094","25,687,524","25,143,012","24,494,966","25,423,227","25,102,691","24,734,123","2,540,843","25,167,821","24,526,627","2,431,248","2,355,867","2,387,639","22,842,895","22,965,346","23,182,798","24,181,736","2,456,481","24,364,953","23,369,136","22,273,775","22,061,641","21,433,631","20,621,071","20,006,942","19,639,284","19,376,951","17,867,862","16,398,676"
Kazakhstan,"86,079,251","101,114,303","108,983,639","102,298,371","105,502,175","101,675,566","88,657,274","75,747,914","79,619,607","70,992,225","65,937,993","57,327,301","58,235,979","59,365,887","58,308,841","57,123,976","57,818,066","5,547,009","63,482,836","55,904,599","56,273,297","56,261,674","5,347,497","54,019,165","42,077,982","36,762,265","38,193,698","38,722,275","37,394,753","33,915,035","36,034,544","37,644,216","35,785,172","33,998,609"
Kenya,"6,760,927","6,407,751","6,541,574","6,409,453","6,339,751","6,491,308","6,862,998","6,568,523","6,956,415","6,979,044","7,735,858","6,906,428","666,648","5,847,037","6,194,815","6,556,625","6,860,099","6,420,049","6,761,809","7,716,635","7,734,601","7,593,593","6,744,385","7,172,763","7,811,301","8,050,422","8,374,052","8,361,671","7,587,097","733,119","7,273,621","7,562,687","718,013","6,920,153"
Kyrgyzstan,"88,378,842","86,284,672","65,934,831","57,312,741","46,920,458","3,507,273","40,721,222","36,553,962","37,757,258","29,072,002","26,919,637","21,472,827","26,845,695","28,176,167","26,096,838","26,154,701","2,526,374","28,067,234","30,048,825","26,286,741","24,776,136","27,979,235","36,993,487","30,942,703","30,528,489","30,496,761","27,600,646","26,069,536","29,908,559","25,489,349","24,986,842","26,728,898","24,076,275","23,017,647"
Cambodia,"2,748,369","2,817,761","2,887,141","2,812,748","4,435,762","11,111,019","11,648,044","11,957,736","12,801,192","11,064,364","10,363,624","10,474,672","10,099,203","10,012,126","9,079,323","8,950,787","8,997,429","10,034,622","10,423,257","12,389,332","12,374,298","12,017,362","11,755,824","11,069,359","12,758,687","14,448,432","16,807,928","17,574,194","170,251","20,440,159","22,084,017","21,664,683","21,294,054","20,919,708"
Kiribati,"10,134,861","11,249,979","9,883,195","1,001,844","10,114,716","8,922,562","9,020,609","9,190,022","9,096,966","9,455,512","14,973,414","13,904,366","20,247,589","21,050,735","21,968,486","28,839,086","2,922,122","26,403,417","30,307,305","25,503,112","26,559,212","23,937,779","22,153,854","22,213,077","2,213,258","20,399,471","20,712,752","23,261,776","2,299,151","23,122,843","23,648,076","22,809,726","23,182,308","22,991,309"
Saint Kitts and Nevis,"3,571,069","4,864,119","469,541","5,300,944","5,979,701","4,783,173","5,227,001","502,336","5,168,008","5,072,274","5,512,605","533,695","6,002,253","651,076","6,805,579","5,773,524","6,380,205","7,007,493","6,628,392","772,002","8,419,083","652,388","6,731,189","7,260,357","7,230,069","7,517,916","7,919,299","7,366,743","7,561,755","8,448,063","8,102,851","8,920,669","8,104,422","8,261,302"
South Korea,"4,572,198","45,367,196","45,549,487","46,292,449","45,656,557","45,155,848","44,632,237","44,365,777","39,979,871","39,086,847","40,042,807","38,860,975","36,730,525","35,916,089","35,533,867","34,045,829","32,751,886","3,161,396","31,283,796","31,497,653","31,991,922","32,442,375","31,844,551","30,707,901","29,501,794","29,577,821","29,499,841","28,941,932","28,238,006","26,817,552","25,477,676","2,509,708","22,781,714","21,930,656"
Kuwait,"50,863,579","102,422,794","39,240,242","37,230,028","40,800,543","38,507,805","37,643,871","38,683,182","41,409,038","4,540,568","47,358,269","49,884,227","50,594,269","45,342,585","43,770,466","44,398,632","42,741,374","39,416,876","4,119,307","45,301,631","48,056,674","45,546,777","43,143,024","43,781,359","42,674,525","4,400,928","43,909,414","45,590,372","45,339,054","45,096,985","4,750,587","50,281,669","48,825,731","50,960,254"
Laos,"297,871","3,492,302","3,648,725","363,105","3,702,435","3,396,775","37,273","3,854,908","3,975,236","3,592,591","5,935,061","6,180,237","6,545,859","6,415,167","6,322,879","6,112,513","738,172","7,251,541","7,855,392","9,147,561","9,452,541","9,235,903","9,122,752","9,985,493","10,321,661","19,579,174","3,252,321","36,892,835","35,838,438","3,314,162","33,091,277","39,545,991","39,690,682","40,548,255"
Lebanon,"3,108,108","25,797,647","23,799,592","30,781,853","31,280,513","34,067,476","3,178,881","34,543,818","3,308,844","34,276,742","30,553,133","31,749,213","30,600,617","29,652,633","28,166,761","27,241,883","26,111,196","22,131,083","24,857,985","26,550,081","23,561,973","23,724,609","25,837,726","24,532,256","25,869,916","27,747,514","28,298,135","29,485,138","28,202,001","29,757,591","30,591,682","25,417,451","25,594,748","26,333,454"
Liberia,"9,027,411","7,207,801","997,987","15,952,992","20,335,825","21,832,003","2,116,553","10,150,813","8,280,506","7,056,485","7,356,796","8,126,757","7,927,484","12,258,318","13,012,998","15,466,469","15,187,816","12,804,825","10,070,397","8,900,729","12,776,144","13,219,977","13,568,425","11,579,207","14,838,612","15,318,123","17,460,894","14,989,045","16,881,941","18,276,149","20,058,307","19,978,052","19,801,178","18,424,849"
Libya,"36,891,507","32,113,178","3,441,835","38,088,546","43,495,586","50,415,668","51,903,455","45,681,293","46,900,975","4,789,375","47,674,978","48,002,775","49,608,412","47,318,653","44,825,762","43,453,533","40,625,906","3,576,097","38,083,313","42,013,395","42,261,607","59,125,574","44,967,914","54,622,391","70,060,699","62,529,265","59,571,298","48,631,921","46,582,519","49,915,069","94,894,713","45,758,588","45,995,845","50,232,091"
Saint Lucia,"3,045,738","3,047,704","2,842,278","2,755,513","3,274,458","3,163,328","3,048,328","3,152,288","3,036,309","2,996,022","3,303,122","3,663,376","343,182","3,831,807","3,459,192","3,648,722","3,813,203","4,055,574","4,176,401","4,634,047","5,220,835","3,874,026","4,008,389","467,521","4,910,635","5,032,765","5,238,858","506,629","4,700,768","7,889,088","8,479,674","8,357,615","7,108,349","7,263,779"
Sri Lanka,"5,680,564","5,669,732","6,764,377","6,194,776","6,765,548","6,433,729","8,747,716","8,199,889","8,087,733","8,568,829","9,243,783","9,313,086","9,371,135","9,559,777","9,361,966","9,576,081","8,132,349","815,157","7,247,446","6,722,292","6,584,343","7,130,281","7,383,337","5,883,404","6,665,264","7,050,615","7,997,189","7,487,557","6,872,036","7,511,244","7,280,136","716,391","6,798,634","7,145,851"
Lesotho,"4,246,195","4,945,654","39,358","3,675,262","3,778,937","3,757,069","3,689,402","3,559,224","343,261","3,516,669","9,188,082","9,099,748","9,541,716","9,259,455","9,527,287","9,243,828","9,087,966","11,146,071","8,660,923","10,274,943","9,972,189","9,976,782","9,984,977","988,028","9,912,139","9,464,101","10,054,784","11,227,863","11,163,353","12,127,286","13,762,489","13,746,339","14,645,829","14,966,752"
Lithuania,"44,814,749","50,019,497","35,884,385","33,257,703","35,758,056","33,260,353","32,633,648","29,104,437","28,622,479","2,423,848","20,437,624","20,394,746","19,227,104","17,420,021","17,096,279","16,952,718","16,049,445","15,841,973","15,699,142","15,382,155","16,085,098","15,470,448","15,074,994","13,425,856","12,818,992","12,991,595","1,254,149","12,421,818","1,199,196","11,684,609","11,652,599","11,023,414","9,875,511","9,882,052"
Luxembourg,"38,031,404","36,409,662","34,937,402","3,414,183","30,436,214","23,745,404","23,597,153","20,917,258","17,906,045","17,315,913","17,450,837","17,956,531","18,696,362","18,985,501","20,699,312","20,595,599","19,150,687","16,825,177","16,683,769","16,315,323","16,618,528","16,265,882","15,681,103","14,437,875","13,382,523","1,240,523","11,476,772","1,151,161","11,720,231","11,568,362","9,644,324","9,428,792","8,113,791","7,915,091"
Latvia,"4,062,267","42,619,891","49,921,469","44,259,866","37,691,071","33,508,152","32,716,631","28,643,505","25,723,221","23,393,698","20,347,996","20,295,637","18,945,533","18,043,324","16,752,422","15,267,507","14,499,895","13,766,447","13,534,436","1,443,267","17,303,796","15,640,658","14,245,661","13,533,556","12,929,642","1,256,825","12,008,323","11,548,402","12,115,023","11,670,501","11,122,901","10,716,185","9,330,649","9,206,955"
Macao,"5,137,499","5,053,662","5,054,735","5,351,354","5,614,775","4,933,456","5,750,869","612,601","7,075,246","765,504","6,136,572","6,378,968","6,424,062","5,826,651","533,117","4,963,706","4,349,523","360,047","2,886,262","3,021,618","245,274","1,980,068","1,870,583","1,758,941","2,066,692","3,477,564","3,332,435","3,688,079","272,026","3,015,208","7,004,355","5,538,094","7,339,146","4,193,324"
Morocco,"20,697,726","202,368","22,144,639","22,978,689","22,496,481","24,749,248","217,602","23,283,663","22,241,352","23,023,751","22,933,639","23,462,529","2,340,169","21,942,315","23,585,062","23,833,252","2,246,875","22,026,694","22,405,672","21,371,176","21,950,869","22,495,613","22,708,285","21,787,899","21,563,048","21,250,385","21,093,566","21,016,364","20,817,974","22,303,822","22,594,855","2,263,837","21,491,934","20,699,913"
Moldova,"67,185,674","64,484,999","72,355,765","62,308,352","73,136,909","64,571,838","59,095,238","53,019,488","51,752,944","45,413,093","41,149,508","40,393,588","38,138,322","38,525,966","35,965,718","35,322,408","3,281,754","31,521,801","28,882,282","30,264,868","30,780,797","29,190,805","28,738,308","23,644,326","24,161,646","2,502,206","24,268,088","22,969,823","23,549,288","23,377,046","24,754,289","23,698,263","24,458,402","25,477,342"
Madagascar,"3,812,267","4,349,928","4,354,591","4,421,472","5,448,676","6,039,114","5,678,696","6,008,722","6,454,886","63,249","6,007,373","572,275","4,454,125","5,391,281","5,540,017","5,642,414","5,132,771","5,107,381","4,962,898","4,908,411","5,406,586","620,418","7,483,005","7,824,868","7,781,009","8,230,216","7,527,174","7,913,623","7,289,681","8,271,476","6,921,105","8,596,051","8,094,561","7,997,437"
Maldives,"4,760,642","4,867,336","5,009,722","560,933","11,188,495","121,772","11,496,141","944,445","9,946,791","9,366,425","16,497,511","15,186,283","17,149,625","12,783,106","15,456,539","16,134,452","15,945,727","15,622,751","15,609,168","17,499,122","17,536,597","17,540,016","21,596,492","22,698,217","28,480,703","19,839,482","20,320,877","20,093,468","21,458,589","23,200,838","35,158,798","26,776,253","24,815,825","2,468,741"
Mexico,"20,092,402","20,512,256","2,004,418","20,059,431","20,763,419","20,798,394","20,519,843","20,195,192","20,246,345","1,914,373","19,382,253","19,374,149","1,972,374","20,453,318","20,206,682","20,563,212","20,349,606","20,233,185","20,104,709","20,968,386","2,064,085","20,355,103","20,452,868","19,790,787","18,791,613","18,658,094","18,558,776","18,372,763","17,135,568","17,511,008","16,895,033","16,914,093","16,740,974","16,953,474"
North Macedonia,"41,591,618","39,210,337","37,326,595","41,424,764","40,906,296","41,110,622","47,886,883","42,510,252","45,191,774","3,990,076","36,823,863","38,762,392","35,991,139","38,255,599","35,614,848","35,715,736","33,914,943","34,210,591","31,750,459","28,657,337","27,889,346","30,426,276","28,704,895","25,501,384","23,363,048","21,380,705","19,969,538","20,690,189","19,009,204","21,045,888","19,290,455","18,622,732","19,956,203","20,647,704"
Mali,"2,354,823","2,624,334","2,476,677","2,341,043","2,253,117","2,292,577","2,336,587","2,229,668","2,144,846","2,087,977","3,980,174","3,560,376","3,619,983","3,400,075","3,437,909","3,340,367","386,571","4,400,056","4,880,907","5,976,591","5,628,475","5,970,028","6,343,504","7,468,033","7,338,635","8,299,867","10,158,852","10,766,172","11,009,479","12,093,673","12,702,548","12,554,455","1,258,603","11,637,508"
Malta,"35,463,635","31,881,515","29,874,111","36,967,227","31,284,859","27,905,678","26,274,103","26,522,413","24,280,622","23,516,174","17,350,551","2,051,752","18,635,728","20,135,214","20,055,472","1,960,748","19,310,207","18,873,798","18,235,613","16,999,457","1,659,771","16,438,642","16,660,015","13,811,191","12,760,004","821,589","6,489,261","667,928","6,254,879","6,232,485","6,572,636","5,866,783","5,869,488","5,320,884"
Myanmar/Burma,"14,357,664","13,991,286","13,526,496","14,263,979","15,913,346","18,050,408","1,783,223","16,802,713","17,262,103","17,072,028","16,302,935","12,793,932","11,511,109","12,528,228","10,702,091","9,964,723","8,193,955","7,642,077","5,304,544","447,078","4,520,258","4,550,825","5,804,319","6,062,246","6,991,184","7,269,426","7,991,506","11,059,457","10,335,174","9,949,048","11,045,169","11,511,948","11,262,099","11,486,248"
Mongolia,"94,378,945","116,811,642","112,258,162","106,804,835","91,161,173","85,182,638","70,423,613","66,437,558","64,492,336","62,990,674","65,069,429","62,995,887","64,459,324","58,395,628","53,996,795","58,503,779","6,158,383","58,024,919","5,326,486","56,901,478","57,248,853","53,165,537","51,482,558","50,077,806","47,266,388","42,609,744","4,452,416","4,646,582","46,975,037","490,922","45,709,187","49,644,149","49,247,497","49,973,271"
Mozambique,"16,200,944","12,947,954","16,699,861","17,512,214","13,944,514","14,993,776","13,070,102","12,923,111","1,131,525","10,069,293","12,169,632","13,018,635","12,438,941","14,743,822","15,000,153","13,528,226","13,052,918","13,913,484","12,638,482","12,891,971","12,808,465","14,086,773","14,431,901","14,738,645","15,485,513","1,608,148","19,816,534","19,261,443","1,803,649","18,882,567","17,680,906","20,102,476","20,796,616","19,237,298"
Mauritania,"6,554,308","8,132,724","2,041,942","19,108,088","20,489,117","19,405,734","18,191,863","18,760,883","18,578,615","18,254,956","8,149,385","8,961,407","9,819,466","9,608,381","10,079,849","9,620,788","8,998,468","10,113,065","11,410,132","11,351,607","11,129,018","11,534,942","1,236,343","10,866,935","11,970,515","11,559,328","10,856,176","14,671,443","14,728,267","15,688,743","1,643,651","16,614,717","16,256,888","15,299,321"
Martinique,,,,,,,,,,,,,,,,,,,,,,,,,,,,,,,,,,
Mauritius,"12,514,699","12,836,487","12,732,253","13,359,137","13,213,389","12,977,822","12,876,188","12,234,449","12,651,797","15,112,865","15,447,891","15,805,862","15,877,378","15,694,893","15,171,758","15,947,074","16,958,308","16,484,496","15,978,734","15,245,637","15,615,356","1,492,547","14,765,306","14,725,813","14,667,088","14,186,229","13,912,364","13,843,993","13,204,853","12,927,055","13,484,032","13,870,964","12,915,683","12,566,713"
Malawi,"14,822,188","15,658,868","18,477,083","17,083,138","19,828,379","17,379,672","17,309,194","1,881,524","1,920,544","19,125,573","2,135,198","22,895,036","22,259,119","21,225,423","20,099,914","22,075,622","2,241,088","21,980,836","21,468,116","19,227,842","19,416,941","23,689,624","23,033,355","1,931,445","18,064,309","17,318,005","16,877,719","17,849,217","17,541,602","16,822,746","1,568,594","18,109,521","1,713,881","18,297,657"
Malaysia,"30,060,839","32,076,373","31,016,269","28,299,736","2,854,183","26,988,855","27,904,906","2,847,145","30,030,268","30,601,673","30,714,755","32,338,835","32,490,982","32,813,133","3,328,956","33,752,057","33,134,786","34,021,659","34,233,142","3,183,333","32,266,445","31,035,669","29,633,971","30,541,119","30,537,257","29,226,938","27,388,798","24,869,649","25,365,945","24,374,604","25,598,236","25,320,983","24,693,705","24,596,863"
Namibia,"12,497,277","10,463,924","1,062,137","12,516,403","14,208,239","14,820,929","15,743,722","1,562,761","15,614,578","14,373,446","13,633,987","17,052,785","1,410,866","1,452,616","13,713,935","14,255,615","13,128,671","12,821,909","14,300,152","14,591,724","1,421,787","14,330,273","14,358,789","14,518,149","14,205,852","14,312,478","14,736,274","14,633,942","14,581,217","14,781,393","14,720,209","14,490,228","14,800,343","14,576,033"
New Caledonia,"30,802,175","31,969,325","32,189,387","3,297,844","33,627,809","29,041,004","32,429,373","29,447,336","30,131,062","27,489,151","34,659,936","3,417,124","37,019,308","38,152,427","32,720,086","35,176,738","33,501,013","33,400,723","32,146,648","31,670,134","38,349,403","37,245,921","36,699,453","39,695,622","47,613,186","45,180,005","47,284,671","45,296,707","58,681,077","61,824,463","73,149,378","66,254,061","63,242,452","61,687,356"
Niger,"5,319,083","5,097,202","4,739,434","5,737,106","4,721,036","4,438,605","514,183","5,110,398","501,282","4,924,343","5,119,605","480,578","4,756,329","5,056,738","5,266,132","4,705,989","4,459,015","4,694,173","4,555,802","5,567,845","6,518,508","6,509,875","8,212,626","7,728,319","7,833,641","7,394,096","6,988,064","6,083,313","6,017,519","6,412,532","6,288,026","7,358,322","6,682,213","6,334,856"
Nigeria,"21,183,446","22,860,406","23,933,016","23,757,505","22,589,828","24,829,058","27,792,447","2,626,546","23,199,346","22,720,235","24,118,192","24,226,448","19,060,055","19,746,425","17,457,286","16,250,267","1,380,179","11,792,826","12,011,337","9,826,837","10,607,307","11,102,374","10,486,367","11,158,752","11,092,021","10,306,023","10,749,234","10,515,959","10,827,685","11,005,664","10,547,638","10,914,258","10,499,915","10,038,092"
Nicaragua,"11,279,672","11,363,072","13,141,679","12,944,161","14,248,488","14,292,126","14,250,743","14,670,509","16,446,955","15,501,036","15,497,155","15,945,503","16,369,846","1,749,227","17,039,788","15,502,185","15,759,962","15,539,764","14,432,291","14,595,587","14,357,052","14,137,361","13,182,646","12,017,161","1,213,695","1,296,868","12,912,012","12,254,067","11,560,351","12,233,744","11,078,527","10,993,591","11,061,439","11,206,658"
Netherlands,"25,615,191","25,933,344","25,214,958","25,383,114","24,809,976","246,468","25,184,694","23,143,437","22,204,934","20,591,046","19,840,851","19,894,552","19,893,221","2,012,894","20,000,604","19,115,449","18,024,183","17,483,214","1,721,482","1,735,276","18,238,964","16,798,554","16,731,018","16,534,101","15,569,346","15,990,245","15,777,942","15,085,706","14,293,169","13,575,242","12,695,218","12,327,781","10,738,612","9,911,553"
Norway,"14,953,494","13,510,174","14,024,243","14,439,571","14,451,324","13,931,643","13,360,998","1,342,205","13,616,281","13,817,943","11,957,179","11,859,108","11,504,428","12,181,022","11,828,149","11,114,046","11,022,121","10,927,451","11,407,658","11,144,491","11,758,239","11,376,119","1,094,549","10,949,402","10,755,411","10,775,911","10,522,316","10,277,385","1,009,524","9,725,738","9,587,329","9,347,967","8,965,467","8,821,369"
Nepal,"3,082,519","356,984","3,608,959","3,837,507","431,679","4,534,711","4,570,144","4,805,947","494,903","6,166,027","5,950,873","6,069,596","4,949,792","540,629","4,461,336","4,825,347","3,865,455","3,847,024","4,006,902","5,049,298","5,671,739","6,144,033","6,816,377","665,947","7,335,547","7,025,944","10,284,246","11,572,674","12,129,593","10,281,428","1,287,429","12,381,408","12,167,006","12,427,268"
New Zealand,"24,218,636","25,148,546","26,469,851","24,896,571","24,199,641","23,873,201","23,835,855","24,553,275","23,652,031","23,604,984","23,642,846","24,198,795","23,174,295","227,135","21,576,609","21,273,512","20,763,324","19,475,403","20,339,631","18,789,329","18,537,326","17,733,383","18,439,105","17,841,106","17,546,494","16,962,268","16,050,594","16,206,973","15,504,238","15,764,271","14,963,766","14,317,785","13,667,094","14,049,948"
Oman,"26,297,641","30,086,243","28,628,686","27,203,276","24,693,995","24,279,778","24,505,802","24,248,155","23,794,535","27,004,283","26,447,541","2,739,499","29,616,152","32,156,986","31,347,151","31,803,204","38,496,433","39,850,637","3,614,971","35,876,849","38,559,077","43,476,759","45,081,686","44,872,247","47,056,725","47,374,443","46,452,611","46,677,838","47,754,967","48,874,085","48,150,985","50,046,178","49,555,269","50,061,376"
Pakistan,"17,656,244","17,442,154","17,807,542","19,458,688","19,273,841","19,712,213","19,679,938","20,077,419","19,765,981","20,882,542","2,045,129","20,098,034","19,479,842","19,160,012","19,877,433","18,879,002","19,316,084","2,061,403","19,489,478","19,280,941","18,471,234","17,940,867","17,623,536","17,282,701","17,467,084","17,659,857","18,291,548","1,898,374","16,962,571","16,278,376","18,435,821","1,841,872","16,239,165","14,890,582"
Panama,"9,742,295","10,273,163","11,330,119","1,098,042","11,358,983","12,013,673","1,162,268","11,477,934","13,185,535","11,106,201","11,211,868","13,324,989","11,364,896","11,048,484","10,326,985","1,242,151","1,205,929","10,750,384","9,497,863","11,214,144","11,213,027","10,971,097","10,444,266","9,595,378","9,586,322","8,948,228","8,552,447","7,707,553","7,271,378","9,295,516","8,260,493","8,087,098","8,054,148","9,207,965"
Peru,"14,984,559","14,233,169","14,928,574","1,492,428","13,632,251","14,418,938","15,413,455","14,436,275","13,932,824","14,754,527","1,420,638","13,121,595","12,980,031","12,217,633","13,443,378","12,655,884","11,640,207","11,709,542","12,171,972","12,960,408","13,067,263","13,182,751","12,405,244","12,006,234","12,409,214","12,390,558","12,483,667","11,692,963","11,273,277","1,158,855","10,630,437","1,051,293","1,095,302","11,282,544"
Philippines,"15,038,089","15,194,628","16,470,645","1,738,251","17,961,781","20,704,069","20,509,712","21,848,823","21,597,575","20,457,675","19,669,932","18,426,326","18,075,605","17,633,416","1,674,824","16,633,588","1,420,942","14,465,476","14,007,398","13,964,343","14,056,199","13,473,295","13,336,445","13,607,825","1,365,244","13,969,864","139,723","14,612,682","14,317,788","1,412,096","14,329,936","14,532,162","13,976,858","14,178,643"
Palau,"791,596,655","748,958,641","731,350,513","853,467,861","119,044,882","841,937,089","717,785,276","798,914,636","708,785,006","795,655,989","716,344,532","749,202,886","435,884,348","535,867,308","456,661,239","503,493,172","493,241,409","395,056,511","422,295,489","708,154,967","693,822,325","741,023,953","111,303,313","581,065,225","383,472,413","329,466,418","312,651,997","338,848,801","346,332,166","353,750,428","385,148,321","467,197,619","493,294,725","505,660,924"
Papua New Guinea,"17,553,389","16,421,094","16,313,571","14,095,692","13,258,111","13,299,643","12,662,655","1,382,311","1,789,909","14,374,898","15,983,931","19,469,892","22,348,646","24,123,872","24,986,746","2,549,948","24,596,164","22,668,976","21,953,359","19,943,829","15,479,849","16,170,153","14,729,829","15,238,085","1,623,964","16,437,309","17,269,912","16,389,461","17,081,736","17,249,841","14,892,764","13,990,978","13,912,591","13,873,837"
Poland,"74,772,541","79,916,268","7,607,447","73,422,888","68,552,254","64,327,558","63,342,347","57,942,046","51,005,674","47,363,334","43,675,372","42,682,209","40,851,971","41,139,998","39,458,585","38,073,995","37,419,046","34,903,337","32,916,077","30,706,319","31,557,565","29,819,215","28,717,653","28,061,184","25,950,147","2,512,347","25,277,312","25,065,955","23,613,864","21,408,601","20,785,729","21,203,373","19,665,362","17,753,622"
Puerto Rico,"20,109,664","20,185,312","20,021,039","19,617,373","19,409,569","18,961,544","18,798,384","18,423,312","17,755,376","18,272,606","17,718,999","16,454,444","13,209,964","17,129,352","15,780,479","16,180,139","10,583,516","1,133,224","9,898,682","9,162,174","884,523","770,978","7,489,692","7,248,134","7,719,977","8,198,663","7,790,293","8,220,043","10,122,595","916,079","9,474,256","9,562,138","9,217,735","10,023,576"
North Korea,"7,248,974","73,540,107","70,388,336","68,153,055","63,520,117","62,322,318","57,423,361","59,751,201","49,539,308","54,029,059","58,158,067","62,285,718","59,661,861","60,912,048","62,165,117","64,775,099","64,835,315","54,855,526","61,491,336","57,061,978","60,404,772","46,897,286","44,161,371","33,817,661","36,744,754","28,571,874","31,187,603","62,951,479","56,817,483","62,763,861","59,087,308","4,898,896","5,086,279","54,976,348"
Portugal,"16,241,462","16,071,646","17,190,714","17,178,753","17,521,464","17,954,144","16,788,844","16,861,234","17,411,797","18,692,032","1,786,855","17,323,856","18,335,291","17,162,131","17,331,475","18,064,499","16,497,297","15,683,783","15,105,037","15,389,534","13,774,381","13,526,316","13,656,157","13,331,998","13,098,238","13,958,418","13,366,582","14,091,915","12,702,355","11,262,287","10,768,457","9,745,292","9,200,711","8,239,341"
Paraguay,"5,424,564","512,142","6,036,333","6,557,213","7,254,167","7,707,849","7,486,526","7,954,145","8,328,134","8,452,145","7,134,614","7,464,604","7,816,064","773,127","751,565","6,783,164","6,974,441","6,282,945","6,893,032","7,129,631","71,425","7,118,923","7,116,863","6,849,169","687,076","7,472,602","8,085,776","8,698,495","8,700,253","8,512,247","8,020,133","870,044","7,928,224","7,640,983"
French Polynesia,"18,468,896","18,112,461","18,640,838","18,776,968","15,258,883","14,374,167","14,117,839","14,597,028","14,516,459","13,983,483","1,250,404","14,429,705","1,494,082","15,170,032","14,033,971","14,748,461","13,752,716","14,481,421","14,810,151","14,893,742","16,179,511","16,124,474","15,722,403","1,683,131","16,557,474","16,632,644","164,522","1,602,219","16,341,017","16,282,059","18,993,415","20,765,145","19,946,715","19,063,304"
Qatar,"53,893,417","58,176,955","5,500,094","57,199,634","59,398,743","59,348,228","61,748,523","5,815,472","5,630,622","58,471,042","52,827,607","51,930,359","54,083,935","55,124,428","49,741,867","48,961,355","4,364,046","42,394,602","39,694,887","36,667,969","34,608,746","35,164,548","37,264,926","39,055,807","40,211,451","3,953,714","38,351,776","38,952,275","38,743,536","39,409,562","40,035,641","40,308,876","3,893,131","41,297,375"
Réunion,,,,,,,,,,,,,,,,,,,,,,,,,,,,,,,,,,
Romania,"4,930,561","45,841,285","45,735,034","42,682,922","40,143,951","3,933,631","38,751,259","37,092,117","33,179,149","2,847,989","29,054,089","29,593,141","27,727,465","28,235,717","25,050,347","23,686,074","23,258,593","20,955,136","18,862,941","16,235,968","16,432,089","16,943,469","16,219,059","14,678,849","14,002,106","13,798,648","13,148,502","12,629,753","12,086,978","11,380,869","1,102,211","11,074,664","10,052,264","9,166,256"
Russia,"54,982,581","5,688,936","61,202,755","61,163,141","63,073,901","64,131,631","65,087,712","59,744,566","63,334,306","61,364,731","5,646,586","5,382,548","51,135,091","4,941,869","46,142,321","43,377,543","40,940,543","37,793,383","35,628,536","36,403,065","36,612,635","36,825,623","35,153,556","33,492,398","32,982,826","3,377,949","33,282,515","33,224,536","33,752,288","34,252,651","3,369,367","34,155,195","3,607,439","35,583,549"
Rwanda,"6,680,691","6,167,524","5,842,874","6,378,205","12,273,583","8,905,352","7,922,295","710,907","6,736,297","6,669,529","8,154,411","7,684,153","7,987,522","6,764,419","6,101,368","6,026,715","5,536,964","4,681,698","4,212,088","4,068,577","3,981,056","3,846,208","3,933,741","417,749","4,001,347","4,242,327","4,379,896","4,566,942","4,683,315","442,749","4,401,428","4,609,525","4,111,964","3,854,625"
Saudi Arabia,"25,746,632","22,866,133","236,417","25,238,341","27,303,889","27,046,373","27,972,669","27,990,718","29,103,305","30,824,918","30,436,633","3,203,518","35,107,945","33,129,106","32,547,278","3,265,447","33,635,933","34,929,269","35,638,847","38,424,117","40,111,428","37,796,488","37,978,501","37,578,977","38,761,474","38,704,509","37,868,126","37,145,707","34,604,996","34,257,674","34,941,107","34,046,567","3,279,979","34,013,366"
Serbia and Montenegro,"73,005,056","69,123,747","65,262,867","54,986,544","4,942,955","69,491,998","76,526,269","69,573,402","67,134,107","52,620,611","59,620,917","6,028,418","60,653,779","62,162,218","61,516,446","53,993,787","5,342,016","49,100,974","42,501,446","4,067,547","41,524,714","43,490,961","38,848,416","38,266,079","32,770,307","37,166,852","37,129,802","36,151,159","33,945,309","32,473,844","33,380,567","30,252,641","2,927,633","27,629,208"
Sudan and South Sudan,"8,422,583","6,982,013","62,038","4,238,957","6,167,587","5,442,805","5,064,656","517,648","4,458,135","4,782,158","4,956,821","5,079,505","5,852,631","5,654,742","600,496","6,735,925","7,726,407","792,382","8,147,419","8,679,193","8,873,291","8,802,681","10,442,498","10,082,272","10,153,147","11,626,911","12,688,514","12,526,052","1,298,177","13,010,721","1,230,803","13,440,784","12,536,682","13,987,353"
Senegal,"10,477,593","1,026,311","11,132,147","10,725,735","10,958,432","10,980,505","11,609,771","12,394,415","13,132,632","13,633,882","12,939,325","14,031,187","14,546,897","13,368,323","14,555,362","15,495,115","14,789,018","1,593,146","15,917,591","15,848,617","16,224,334","17,159,912","16,245,862","16,890,528","17,000,037","17,575,583","18,458,981","17,029,874","16,871,083","16,567,452","16,030,755","17,006,651","16,560,476","15,538,366"
Singapore,"22,891,771","22,697,978","21,741,506","22,515,054","21,383,319","19,805,854","18,953,688","17,363,998","1,727,975","16,479,888","16,614,417","16,937,132","16,052,953","14,412,417","13,751,936","12,005,355","11,076,199","10,495,855","10,199,686","10,386,592","10,132,517","10,018,307","9,371,897","9,382,081","9,239,402","9,190,982","8,518,268","8,752,483","8,057,993","8,196,964","8,218,357","7,744,009","7,466,847","7,561,144"
"Saint Helena, Ascension and Tristan da Cunha",,,,,,,,,,,,,,,,,,,,,,,,,,,,,,,,,,
Solomon Islands,"20,477,554","20,038,136","1,953,402","19,038,424","18,099,875","14,925,064","14,852,018","15,444,962","15,692,034","1,576,527","23,505,407","28,040,232","30,227,035","29,078,088","27,824,883","2,703,836","26,044,921","27,134,135","25,909,577","25,148,176","25,061,123","24,262,854","23,620,609","23,721,468","22,332,271","19,569,979","17,983,339","17,963,868","18,601,291","18,582,919","19,535,653","19,972,079","20,584,966","20,679,302"
Sierra Leone,"10,134,164","13,099,652","10,010,255","9,633,889","101,495","11,954,237","13,271,127","13,743,663","14,202,117","14,889,451","9,025,047","1,210,983","10,107,119","9,802,688","920,213","8,181,569","9,911,712","8,520,291","7,875,734","7,690,423","7,859,873","9,102,006","8,901,883","846,873","862,747","9,097,066","8,850,342","8,333,131","8,005,184","7,454,237","7,920,597","7,766,758","7,795,601","7,345,927"
El Salvador,"8,035,724","10,099,457","1,062,183","10,904,517","1,208,113","12,612,861","1,113,988","13,240,446","1,351,624","1,313,142","1,292,724","13,336,746","13,179,512","14,095,756","14,499,028","14,541,428","14,642,867","15,136,062","13,501,764","13,420,036","12,805,427","12,888,781","1,248,254","11,575,828","11,687,881","12,176,181","11,978,945","10,599,474","11,084,067","12,352,197","11,011,145","11,137,277","11,390,197","11,645,304"
Somalia,"8,837,493","6,692,238","577,838","5,701,723","6,916,854","6,828,868","6,553,774","6,485,057","6,205,545","5,953,926","8,137,548","7,936,938","8,221,315","7,764,532","7,204,219","6,847,943","6,700,759","6,289,509","5,733,357","5,452,122","5,204,999","4,898,682","4,553,576","4,702,916","4,278,052","4,093,269","3,914,177","3,530,276","3,457,174","35,283","3,770,208","3,713,916","3,389,371","3,294,616"
Saint Pierre and Miquelon,,,,,,,,,,,,,,,,,,,,,,,,,,,,,,,,,,
São Tomé and Príncipe,"8,065,833","10,572,659","8,911,164","85,952","10,248,067","10,321,299","10,549,198","10,448,595","10,387,539","10,436,528","9,935,977","9,691,192","10,834,596","11,308,314","12,457,267","1,264,873","12,496,529","12,245,766","1,241,281","13,136,966","13,992,784","14,185,477","14,445,688","13,797,356","12,841,384","13,367,503","13,208,517","12,773,345","1,208,556","13,719,326","14,051,807","14,029,495","16,089,988","16,893,584"
Suriname,"15,656,811","17,389,139","16,944,846","18,243,542","17,740,827","18,087,677","17,680,234","17,219,212","1,710,475","16,987,397","19,308,061","19,033,929","1,361,408","1,414,163","14,714,787","1,706,107","14,623,674","12,852,147","12,735,581","12,292,934","14,087,987","14,879,384","18,110,323","16,467,959","18,815,723","2,025,702","23,140,936","18,855,711","15,771,109","19,289,321","22,466,758","23,060,588","21,921,265","22,231,579"
Slovakia,"66,979,865","68,104,284","68,206,701","65,533,647","58,154,521","5,538,029","52,198,705","48,824,295","45,989,739","45,236,608","4,247,211","41,417,312","39,571,854","37,924,708","35,541,657","33,664,683","31,028,081","27,405,828","25,841,764","24,724,669","24,836,758","22,970,535","2,160,217","21,628,871","19,678,545","19,002,294","19,145,119","19,790,766","18,767,532","1,711,216","16,600,666","17,788,374","16,954,057","16,362,849"
Slovenia,"29,370,585","29,921,324","30,216,531","30,930,865","29,571,018","30,220,151","30,755,437","30,205,726","28,909,007","26,409,425","24,814,088","27,011,923","26,575,943","25,584,032","25,010,823","24,424,562","23,501,405","21,940,436","22,338,915","21,606,975","21,664,448","2,012,724","19,949,213","20,149,745","17,858,144","17,680,865","18,004,015","17,546,171","16,792,575","15,555,403","1,481,756","14,037,337","13,074,064","11,835,453"
Sweden,"16,703,615","17,043,486","180,068","18,410,451","18,501,017","17,715,699","18,863,711","16,692,038","16,314,929","15,322,525","13,747,833","13,568,734","13,581,182","13,334,814","12,439,524","11,357,958","10,964,367","10,165,943","9,993,382","9,478,782","10,083,244","89,541","8,499,043","8,075,894","7,653,943","7,345,964","7,151,907","6,850,138","6,325,822","6,157,241","6,077,414","6,041,603","5,343,001","5,232,796"
Eswatini,"23,473,374","22,748,565","18,450,439","16,074,955","27,945,853","2,589,222","19,965,851","1,972,637","1,959,369","20,434,284","17,417,479","1,746,408","16,281,949","14,543,146","13,887,388","13,055,818","12,421,497","12,298,329","11,971,801","12,209,708","9,588,275","8,979,379","8,431,788","9,639,109","9,750,665","991,054","10,767,637","10,453,652","10,211,108","10,514,015","10,509,439","10,241,313","11,067,131","10,848,908"
Seychelles,"24,672,176","34,117,921","26,827,143","25,110,545","25,641,101","27,152,852","25,613,867","2,423,546","24,100,244","24,363,782","45,451,283","5,091,154","45,542,548","48,691,338","70,077,959","58,494,276","58,704,772","44,035,653","48,376,549","54,831,208","4,725,122","36,949,391","4,084,967","36,481,778","40,053,092","38,738,938","38,481,049","37,266,479","3,161,641","31,899,764","38,017,563","38,465,482","3,514,554","35,054,067"
Syria,"71,928,443","7,309,816","64,287,425","62,235,137","61,216,258","59,593,868","58,301,045","55,265,559","54,954,647","55,980,246","56,458,328","56,009,045","53,661,064","50,222,727","49,074,049","56,570,319","56,379,496","56,345,338","55,305,136","48,873,547","4,667,162","42,463,376","45,328,176","41,590,734","40,117,161","39,732,909","4,087,024","44,767,384","4,717,704","44,041,572","41,670,451","40,815,848","40,696,219","41,182,055"
Turks and Caicos Islands,"25,229","2,297,558","2,107,219","1,835,362","1,654,836","1,515,675","1,373,251","1,312,273","1,332,447","1,241,513","3,623,843","351,095","4,880,415","4,772,902","4,333,253","4,549,654","489,391","5,695,492","5,895,224","8,150,511","9,047,198","6,543,194","6,860,621","7,846,019","8,183,885","7,732,756","7,948,332","8,171,018","8,022,052","9,020,757","10,009,309","10,155,873","9,602,729","10,004,946"
Chad,"3,172,394","355,067","283,166","1,740,754","1,771,352","1,803,017","1,839,318","1,808,007","1,716,573","1,769,541","2,610,587","2,334,062","2,332,769","3,067,296","2,642,899","2,380,208","2,457,334","270,036","2,244,509","2,209,039","2,031,068","2,684,057","4,364,615","448,834","4,449,625","4,940,258","5,461,511","733,369","7,491,952","7,587,657","6,979,743","7,225,793","8,045,192","7,925,284"
Togo,"8,692,811","8,100,988","6,437,272","5,844,431","9,248,695","8,457,676","11,906,763","7,827,405","9,870,223","12,462,511","1,160,495","10,361,727","10,623,283","1,193,417","11,552,218","1,153,358","10,467,833","10,559,623","13,244,855","21,426,977","1,885,459","16,350,389","14,686,037","11,926,855","10,295,191","8,698,151","1,131,598","9,456,352","9,882,459","9,343,892","10,262,315","10,751,211","10,455,348","9,679,951"
Thailand,"20,021,414","20,110,068","2,039,891","21,392,421","22,099,465","23,147,575","24,635,191","25,817,948","24,911,695","24,894,525","2,387,331","24,223,169","24,254,468","23,538,226","24,131,752","24,011,057","23,236,726","22,510,857","22,232,086","21,734,994","21,466,021","21,318,867","21,335,993","21,658,334","21,165,688","21,080,994","20,109,143","1,936,789","18,425,208","18,691,176","19,195,343","18,420,521","18,540,822","18,085,456"
Tajikistan,"54,694,763","55,572,979","57,581,219","46,675,932","3,670,469","35,566,589","37,858,859","41,038,648","42,093,901","3,782,043","32,452,895","2,916,079","26,448,042","24,353,771","26,280,233","23,447,066","23,963,731","25,801,066","22,379,786","17,330,493","16,384,791","15,312,308","16,183,946","15,463,651","19,228,251","19,367,169","20,336,388","23,036,176","25,331,485","25,989,476","25,847,921","23,607,008","21,404,842","20,032,033"
Turkmenistan,"167,566,929","148,895,701","127,866,385","119,569,628","173,342,028","186,469,319","181,503,721","206,006,903","199,871,838","202,885,443","1,745,258","148,467,272","13,757,504","130,901,831","121,647,359","110,917,861","103,849,858","103,424,565","91,839,602","76,322,306","74,129,729","70,467,492","68,561,253","65,748,382","61,289,452","61,725,957","62,394,927","59,589,063","5,831,793","61,031,639","64,052,946","59,928,623","60,073,734","58,363,738"
Timor-Leste,"106,134","98,941","93,092","87,436","83,527","79,352","73,416","6,944","2,340,431","9,171,872","8,101,373","3,794,011","3,460,446","8,819,088","17,167,811","11,298,427","11,490,312","9,575,818","852,996","8,399,856","761,912","7,974,032","12,895,377","15,086,512","14,166,163","1,287,595","11,840,575","12,733,448","12,672,733","9,880,679","7,433,888","7,231,457","9,734,205","11,218,784"
Tonga,"22,837,772","22,747,775","23,857,469","23,313,514","30,936,362","23,770,402","26,591,817","28,362,181","28,954,088","27,908,765","18,675,396","17,094,745","17,994,172","20,831,944","19,017,567","20,595,159","22,650,401","19,384,783","20,042,388","22,359,571","21,402,859","19,053,872","18,605,323","18,745,883","20,285,825","20,490,269","2,043,471","24,420,631","21,681,022","25,866,778","26,164,197","28,187,789","30,366,729","30,625,001"
Trinidad and Tobago,"84,563,787","83,717,499","7,808,439","76,655,877","81,821,347","76,077,023","76,433,513","70,978,682","7,936,562","75,508,743","73,243,992","79,857,913","79,997,559","80,750,267","79,403,937","90,870,701","88,370,002","86,260,719","81,538,936","82,861,268","87,883,152","88,644,179","7,610,046","72,034,764","69,073,592","68,798,129","68,265,791","69,222,215","6,980,704","7,083,197","69,890,002","67,981,495","65,269,814","62,306,266"
Tunisia,"26,554,711","26,379,789","26,013,071","2,640,136","25,755,121","25,703,553","24,744,587","24,181,957","24,092,165","23,881,755","2,390,058","23,986,951","23,421,324","22,151,446","22,059,882","21,907,074","21,517,681","20,784,267","20,294,052","19,646,517","20,858,693","2,016,794","20,809,489","20,300,949","2,107,601","21,230,897","20,408,749","20,252,799","19,663,952","19,392,888","20,144,835","20,800,076","19,908,602","2,050,127"
Türkiye,"22,844,637","22,295,367","22,123,615","21,269,911","22,188,232","22,422,591","22,772,234","22,247,872","21,890,769","22,471,905","23,324,622","2,253,223","22,257,443","22,236,908","20,798,298","19,907,993","20,725,751","21,626,632","21,396,045","22,618,065","21,606,622","20,711,748","20,442,216","18,280,021","1,854,206","18,090,994","18,624,254","19,182,201","18,437,753","17,636,745","17,698,039","17,303,475","15,438,394","14,926,825"
Taiwan,"34,855,078","34,620,633","33,689,088","33,691,396","33,187,144","32,838,857","32,470,191","32,967,323","33,236,833","32,587,652","33,223,914","34,546,551","33,717,475","3,371,997","32,789,631","32,058,592","31,089,307","29,586,188","28,098,684","27,172,382","26,285,348","25,949,262","25,057,615","24,908,585","2,411,609","23,761,336","23,596,417","2,328,354","22,211,277","20,828,455","20,065,709","19,505,648","18,264,571","17,527,206"
Tanzania,"4,574,741","4,752,405","4,376,701","4,539,733","4,427,972","5,905,374","674,034","6,082,309","510,156","4,547,606","5,081,056","5,059,539","5,374,647","532,937","6,822,562","7,198,567","7,228,482","6,400,126","609,165","5,600,365","6,355,217","7,152,477","8,165,937","8,362,446","7,607,506","8,405,066","8,420,925","7,921,552","7,904,181","8,502,116","8,235,002","9,068,067","853,076","8,277,494"
Uganda,"4,374,898","4,215,184","4,148,628","3,859,251","3,271,453","3,799,399","3,803,109","3,802,533","4,235,126","4,033,801","3,956,813","3,825,887","4,010,496","3,979,714","3,900,512","4,497,575","4,711,849","524,137","5,208,434","5,382,401","502,802","5,144,921","5,030,102","4,923,591","5,153,821","5,682,726","5,822,961","5,871,091","607,713","5,871,729","5,705,901","6,146,337","5,601,054","5,319,912"
Ukraine,"66,142,474","68,342,826","66,365,151","67,521,628","7,248,136","81,530,009","7,758,732","76,910,323","74,807,118","74,906,622","70,096,633","64,255,512","6,109,752","60,810,067","51,034,227","47,933,797","44,464,662","42,361,571","3,965,842","38,738,822","40,246,837","40,462,375","39,382,316","38,196,588","36,287,442","3,376,281","3,312,647","29,278,664","30,055,351","27,721,911","27,529,885","25,996,319","26,012,907","24,321,871"
Uruguay,"8,993,119","983,298","10,011,694","9,220,885","8,074,278","8,969,519","9,958,699","9,310,761","927,269","10,986,033","9,059,218","8,483,777","8,442,855","8,346,834","9,955,964","8,962,464","10,036,061","8,872,657","10,720,117","10,174,472","7,776,409","8,917,609","9,818,652","8,093,218","6,884,979","7,034,958","6,852,616","6,316,672","6,762,117","6,978,669","727,894","8,533,802","8,318,507","8,389,743"
United States,"44,971,936","4,461,778","43,780,218","43,614,477","42,597,298","41,909,769","41,573,822","41,806,457","403,312","38,601,903","38,163,669","37,476,569","35,903,894","35,330,824","34,533,151","33,416,832","31,969,864","31,789,722","30,761,899","29,265,603","29,840,198","28,242,678","26,466,768","26,615,754","26,055,223","24,774,705","23,838,948","22,945,876","22,996,281","21,779,769","20,026,601","20,154,181","19,902,257","18,984,656"
Uzbekistan,"163,717,403","164,870,105","170,128,133","174,162,557","17,526,466","163,347,785","16,593,093","157,863,175","173,463,628","167,424,168","170,706,806","165,476,598","164,196,482","148,304,374","141,409,557","125,513,887","124,884,678","110,841,211","106,341,484","89,224,206","91,570,241","86,888,346","71,911,804","66,006,498","57,687,409","51,161,632","51,209,687","50,904,228","49,634,561","4,812,882","46,369,749","46,912,765","46,128,639","43,205,276"
Saint Vincent and the Grenadines,"3,531,871","3,341,653","3,805,238","2,958,115","5,515,607","55,965","4,924,657","5,743,702","61,674","6,083,004","3,704,541","4,224,216","4,603,167","4,657,532","4,794,044","4,811,702","4,963,528","5,142,552","5,345,704","826,111","6,756,824","480,949","6,049,254","5,558,363","6,155,669","6,176,459","6,310,651","6,713,578","6,072,735","6,016,715","5,067,327","556,277","5,212,049","518,282"
Venezuela,"21,064,113","19,721,318","18,742,094","1,938,952","22,083,359","20,787,585","23,178,271","21,852,166","22,070,846","22,843,438","23,001,624","23,140,255","26,241,745","27,469,292","24,310,964","22,954,904","21,300,325","19,214,647","1,920,303","19,976,734","21,695,621","20,374,266","21,612,429","2,123,502","21,975,829","2,148,143","2,398,091","26,521,779","3,057,831","35,889,273","31,010,412","30,378,729","30,777,745","32,159,369"
British Virgin Islands,"8,270,013","5,563,553","5,207,344","4,020,099","2,831,794","2,322,554","277,944","2,232,428","2,881,962","2,926,667","2,564,029","2,087,179","2,222,261","2,960,136","3,837,592","3,266,304","3,335,758","4,217,336","5,039,329","5,946,616","7,717,099","4,661,827","6,389,183","6,022,815","5,909,769","634,596","6,622,395","5,739,496","7,170,588","6,410,526","5,548,387","5,930,119","5,251,134","4,890,021"
Viet Nam,"12,726,164","12,093,641","11,656,154","12,628,788","13,641,205","14,323,763","1,475,146","15,731,628","16,627,808","16,257,225","16,842,728","17,418,885","19,282,857","19,164,237","21,099,095","21,458,199","20,578,431","2,128,575","22,167,792","2,354,633","2,463,344","23,144,456","21,859,726","21,628,549","22,287,763","23,380,464","24,507,526","23,524,427","26,969,143","29,995,316","30,288,314","28,614,779","25,207,665","27,545,431"
Vanuatu,"22,301,517","20,162,687","11,009,876","11,078,452","10,437,967","9,384,652","9,273,677","910,741","9,262,333","9,230,136","13,643,125","16,443,566","17,067,318","18,852,337","14,121,522","13,685,785","1,135,943","18,012,625","16,761,028","18,235,918","19,332,253","21,749,442","17,700,113","18,019,534","20,275,166","1,835,057","18,261,551","19,665,277","24,987,532","240,749","25,744,809","27,421,641","28,403,875","28,743,467"
Samoa,"18,318,177","19,446,893","19,043,979","20,844,085","21,979,305","18,699,358","17,645,962","18,058,612","18,184,179","17,789,234","22,345,286","22,485,917","21,985,728","2,128,743","20,296,612","19,685,698","19,351,116","20,967,424","20,760,674","21,226,343","21,196,734","20,769,273","21,606,039","22,439,409","2,291,084","253,175","25,252,041","25,412,734","25,359,267","27,274,832","28,612,983","32,289,814","35,992,758","34,470,598"
Yemen,"16,236,919","19,133,138","1,905,783","1,657,391","17,940,391","18,892,396","18,488,342","18,899,031","18,982,146","20,607,255","20,730,458","21,271,334","20,522,271","22,979,897","23,125,382","23,596,108","23,829,235","24,444,657","24,479,514","25,797,721","22,834,402","22,840,281","21,338,226","26,633,736","26,283,342","18,345,825","15,098,375","15,551,133","18,052,175","18,257,564","18,415,737","18,673,309","17,827,548","17,717,077"
South Africa,"71,360,405","70,236,142","70,249,564","69,891,993","69,245,204","70,782,011","70,194,651","71,437,718","7,230,443","67,350,417","65,873,288","66,007,887","6,603,602","6,808,942","70,446,248","6,856,817","65,573,249","64,971,705","66,787,827","63,525,156","62,649,345","58,149,342","58,864,271","5,891,412","59,481,731","55,795,374","55,480,619","55,954,995","55,553,248","55,981,045","52,090,757","50,910,434","47,726,495","46,046,538"
Zambia,"16,035,903","16,611,189","16,912,388","14,359,533","13,183,673","12,651,837","1,002,176","12,164,938","11,448,739","9,000,452","8,766,638","838,869","8,437,957","8,546,625","8,208,568","8,220,277","7,418,485","6,285,918","6,235,184","6,405,412","6,403,745","6,825,934","8,395,355","8,409,429","8,789,981","9,069,451","9,534,887","11,232,424","12,290,431","10,567,462","11,567,203","11,306,839","10,801,476","1,053,562"
Zimbabwe,"41,084,734","42,827,398","47,194,881","42,984,436","36,848,165","36,162,133","31,661,872","28,950,218","28,544,946","32,398,358","28,946,347","28,396,142","28,446,885","28,068,859","28,249,142","33,291,228","32,086,983","32,809,482","31,260,554","26,945,614","28,122,486","38,627,179","26,831,752","25,951,454","25,334,075","25,012,462","22,008,845","19,868,137","21,931,298","21,313,234","18,779,652","20,273,815","19,641,071","20,046,898"